category,name,price,duration
DPO Packages,ACT_SUPREME_HD_12_MONTHS_LCO PACK_VIZ,₹3016.27,/Year
DPO Packages,ACT_SMART_HD_12_MONTHS_LCO PACK_VIZ,₹2507.8,/Year
DPO Packages,ACT_HINDI_12_MONTHS_LCO PACK_VIZ,₹2101.02,/Year
DPO Packages,ACT_ULTIMATE_12_MONTHS_LCO PACK_VIZ,₹1795.94,/Year
DPO Packages,ACT_SUPREME_HD_06_MONTHS_LCO PACK_VIZ,₹1508.14,/Year
DPO Packages,ACT_BUDGET_PLUS_12_MONTHS_LCO PACK_VIZ,₹1480.68,/Year
DPO Packages,ACT_BUDGET_PACK_12_MONTHS_LCO PACK_VIZ,₹1389.16,/Year
DPO Packages,ACT_SMART_HD_06_MONTHS_LCO PACK_VIZ,₹1253.9,/Year
DPO Packages,ACT_HINDI_06_MONTHS_LCO PACK_VIZ,₹1050.51,/Year
DPO Packages,ACT_ULTIMATE_06_MONTHS_LCO PACK_VIZ,₹897.97,/Year
DPO Packages,ACT_SUPREME_HD_03_MONTHS_LCO PACK_VIZ,₹889.8,/Year
DPO Packages,ACT_BUDGET_PLUS_06_MONTHS_LCO PACK_VIZ,₹740.34,/Year
DPO Packages,ACT_SMART_HD_03_MONTHS_LCO PACK_VIZ,₹739.8,/Year
DPO Packages,ACT_BUDGET_PACK_06_MONTHS_LCO PACK_VIZ,₹694.58,/Year
DPO Packages,ACT_HINDI_03_MONTHS_LCO PACK_VIZ,₹589.8,/Year
DPO Packages,ACT_ULTIMATE_03_MONTHS_LCO PACK_VIZ,₹499.8,/Year
DPO Packages,ACT_BUDGET_PLUS_03_MONTHS_LCO PACK_VIZ,₹406.8,/Year
DPO Packages,ACT_BUDGET_PACK_03_MONTHS_LCO PACK_VIZ,₹376.8,/Year
DPO Packages,ACT SUPREME_HD_PRE_VIZ,₹208.99,/Year
DPO Packages,ACT SMART_HD_PRE_VIZ,₹187.8,/Year
DPO Packages,ACT HINDI_PRE_VIZ,₹175.09,/Year
DPO Packages,ACT PREMIUM_TELUGU_PRE_VIZ,₹175.09,/Year
DPO Packages,SVP LITE HINDI HD_PRE_VIZ,₹150.0,/Month
DPO Packages,ACT ULTIMATE_PRE_VIZ,₹149.67,/Year
DPO Packages,SVP ALL SOUTH_PRE_VIZ,₹130.0,/Month
DPO Packages,ACT BUDGET_PLUS_PRE_VIZ,₹123.39,/Year
DPO Packages,SVP LITE TELUGU HD_PRE_VIZ,₹120.0,/Month
DPO Packages,ZEE ALL-IN-ONE PACK TELUGU HD_PRE_VIZ,₹120.0,/Month
DPO Packages,SVP LITE TELUGU HINDI_PRE_VIZ,₹118.0,/Month
DPO Packages,ACT BUDGET_PACK_PRE_VIZ,₹114.92,/Year
DPO Packages,SVP HINDI_PRE_VIZ,₹110.0,/Month
DPO Packages,HAPPY INDIA SMART PLUS- MARATHI 2.0_PRE_VIZ,₹93.0,/Month
DPO Packages,ZEE ALL-IN-ONE PACK HINDI HD (A)_PRE_VIZ,₹89.0,/Month
DPO Packages,ZEE ALL-IN-ONE PACK TELUGU SD_PRE_VIZ,₹79.0,/Month
DPO Packages,SUN SD BOUQUET 05-TAMIL TELUGU_PRE_VIZ,₹72.5,/Month
DPO Packages,SVP LITE TELUGU_PRE_VIZ,₹70.0,/Month
DPO Packages,SUN HD BOUQUET 02-TELUGU BASIC_PRE_VIZ,₹65.0,/Month
DPO Packages,HAPPY INDIA ALL HD 2.0_PRE_VIZ,₹57.0,/Month
DPO Packages,HAPPY INDIA SMART - BANGLA 2.0_PRE_VIZ,₹56.0,/Month
DPO Packages,HAPPY INDIA SMART - HINDI 2.0_PRE_VIZ,₹53.0,/Month
DPO Packages,HAPPY INDIA SMART HD PLUS- HINDI 2.0_PRE_VIZ,₹53.0,/Month
DPO Packages,ZEE ALL-IN-ONE PACK HINDI SD (A)_PRE_VIZ,₹53.0,/Month
DPO Packages,HAPPY INDIA SPORTS ACTION 2.0_PRE_VIZ,₹50.0,/Month
DPO Packages,ZEE PRIME PACK TELUGU HD (A)_PRE_VIZ,₹49.0,/Month
DPO Packages,ETV HD FAMILY PACK_PRE_VIZ,₹45.0,/Month
DPO Packages,SUN SD BOUQUET 02-TELUGU BASIC_PRE_VIZ,₹41.0,/Month
DPO Packages,ZEE FAMILY PACK TELUGU SD_PRE_VIZ,₹39.0,/Month
DPO Packages,ETV FAMILY PACK_PRE_VIZ,₹36.0,/Month
DPO Packages,HAPPY INDIA SMART HD - MARATHI 2.0_PRE_VIZ,₹35.0,/Month
DPO Packages,KALAIGNAR TAMIL BOUQUET_PRE_VIZ,₹35.0,/Month
DPO Packages,ZEE PRIME PACK TELUGU SD (A)_PRE_VIZ,₹31.0,/Month
DPO Packages,TIMES BOUQUET-03_HD_PRE_VIZ,₹30.0,/Month
DPO Packages,WBD FAMILY INDIA HD_PRE_VIZ,₹30.0,/Month
DPO Packages,HAPPY INDIA SMART 2.0 -SOUTH 2_PRE_VIZ,₹28.0,/Month
DPO Packages,HAPPY INDIA SMART 2.0 -SOUTH 1_PRE_VIZ,₹28.0,/Month
DPO Packages,COLORS KANNADA_ALA_PRE_VIZ,₹25.0,/Month
AlaCarte Packages,SONY SAB HD_ALA_PRE_VIZ,₹25.0,/Month
DPO Packages,STAR SUVARNA HD_ALA_PRE_VIZ,₹25.0,/Month
AlaCarte Packages,SONY SPORTS TEN 2 HD_ALA_PRE_VIZ,₹25.0,/Month
AlaCarte Packages,SONY SPORTS TEN 5 HD_ALA_PRE_VIZ,₹25.0,/Month
AlaCarte Packages,STAR SUVARNA HD_ALA_PRE_VIZ,₹25.0,/Month
DPO Packages,SONY MAX HD_ALA_PRE_VIZ,₹25.0,/Month
AlaCarte Packages,STAR PLUS HD_ALA_PRE_VIZ,₹25.0,/Month
AlaCarte Packages,VIJAY HD_ALA_PRE_VIZ,₹25.0,/Month
AlaCarte Packages,SONY SPORTS TEN 3 HD_ALA_PRE_VIZ,₹25.0,/Month
DPO Packages,ASIANET HD_ALA_PRE_VIZ,₹25.0,/Month
AlaCarte Packages,MAA TV HD_ALA_PRE_VIZ,₹25.0,/Month
AlaCarte Packages,MAA TV_ALA_PRE_VIZ,₹25.0,/Month
AlaCarte Packages,SONY ENTERTAINMENT TELEVISION HD_ALA_PRE_VIZ,₹25.0,/Month
AlaCarte Packages,SONY MAX HD_ALA_PRE_VIZ,₹25.0,/Month
AlaCarte Packages,ASIANET HD_ALA_PRE_VIZ,₹25.0,/Month
DPO Packages,MAA TV HD_ALA_PRE_VIZ,₹25.0,/Month
DPO Packages,MAA TV_ALA_PRE_VIZ,₹25.0,/Month
DPO Packages,SONY ENTERTAINMENT TELEVISION HD_ALA_PRE_VIZ,₹25.0,/Month
DPO Packages,STAR PLUS HD_ALA_PRE_VIZ,₹25.0,/Month
DPO Packages,SONY SPORTS TEN 3 HD_ALA_PRE_VIZ,₹25.0,/Month
DPO Packages,VIJAY HD_ALA_PRE_VIZ,₹25.0,/Month
DPO Packages,SONY SPORTS TEN 5 HD_ALA_PRE_VIZ,₹25.0,/Month
DPO Packages,SONY SAB HD_ALA_PRE_VIZ,₹25.0,/Month
DPO Packages,SONY SPORTS TEN 2 HD_ALA_PRE_VIZ,₹25.0,/Month
AlaCarte Packages,COLORS KANNADA_ALA_PRE_VIZ,₹25.0,/Month
DPO Packages,TARANG_BOUQUET_PRE_VIZ,₹21.25,/Month
DPO Packages,SIDHARTH ODIA PACK_PRE_VIZ,₹20.99,/Month
DPO Packages,ETV TELUGU HD_ALA_PRE_VIZ,₹19.0,/Month
DPO Packages,ETV TELUGU_ALA_PRE_VIZ,₹19.0,/Month
DPO Packages,STAR SPORTS 2 TAMIL HD_ALA_PRE_VIZ,₹19.0,/Month
DPO Packages,STAR SPORTS 2 TELUGU HD_ALA_PRE_VIZ,₹19.0,/Month
AlaCarte Packages,COLORS CINEPLEX HD_ALA_PRE_VIZ,₹19.0,/Month
AlaCarte Packages,ASIANET_ALA_PRE_VIZ,₹19.0,/Month
AlaCarte Packages,& TV HD_ALA_PRE_VIZ,₹19.0,/Month
AlaCarte Packages,ASIANET MOVIES_ALA_PRE_VIZ,₹19.0,/Month
AlaCarte Packages,& FLIX HD_ALA_PRE_VIZ,₹19.0,/Month
AlaCarte Packages,& PICTURES HD_ALA_PRE_VIZ,₹19.0,/Month
DPO Packages,GEMINI MOVIES HD_ALA_PRE_VIZ,₹19.0,/Month
DPO Packages,KTV_ALA_PRE_VIZ,₹19.0,/Month
DPO Packages,MAA MOVIES HD_ALA_PRE_VIZ,₹19.0,/Month
DPO Packages,MAA MOVIES_ALA_PRE_VIZ,₹19.0,/Month
AlaCarte Packages,STAR BHARAT HD_ALA_PRE_VIZ,₹19.0,/Month
AlaCarte Packages,STAR GOLD HD_ALA_PRE_VIZ,₹19.0,/Month
AlaCarte Packages,STAR GOLD_ALA_PRE_VIZ,₹19.0,/Month
AlaCarte Packages,SONY SPORTS TEN 2_ALA_PRE_VIZ,₹19.0,/Month
AlaCarte Packages,STAR MOVIES HD_ALA_PRE_VIZ,₹19.0,/Month
AlaCarte Packages,STAR MOVIES SELECT HD_ALA_PRE_VIZ,₹19.0,/Month
AlaCarte Packages,STAR MOVIES_ALA_PRE_VIZ,₹19.0,/Month
AlaCarte Packages,STAR PLUS_ALA_PRE_VIZ,₹19.0,/Month
AlaCarte Packages,STAR PRAVAH_ALA_PRE_VIZ,₹19.0,/Month
DPO Packages,KALAIGNAR TV_ALA_PRE_VIZ,₹19.0,/Month
AlaCarte Packages,STAR SPORTS 1 HD_ALA_PRE_VIZ,₹19.0,/Month
AlaCarte Packages,STAR SPORTS 1 HINDI_ALA_PRE_VIZ,₹19.0,/Month
AlaCarte Packages,STAR SPORTS 1 KANNADA_ALA_PRE_VIZ,₹19.0,/Month
AlaCarte Packages,STAR SPORTS 1 TAMIL_ALA_PRE_VIZ,₹19.0,/Month
AlaCarte Packages,STAR SPORTS 1 TELUGU_ALA_PRE_VIZ,₹19.0,/Month
AlaCarte Packages,STAR SPORTS 1_ALA_PRE_VIZ,₹19.0,/Month
AlaCarte Packages,STAR SPORTS 2 HD_ALA_PRE_VIZ,₹19.0,/Month
AlaCarte Packages,STAR JALSHA_ALA_PRE_VIZ,₹19.0,/Month
AlaCarte Packages,VIJAY_ALA_PRE_VIZ,₹19.0,/Month
AlaCarte Packages,SUN TV_ALA_PRE_VIZ,₹19.0,/Month
AlaCarte Packages,STAR SPORTS 2_ALA_PRE_VIZ,₹19.0,/Month
AlaCarte Packages,STAR SPORTS 3_ALA_PRE_VIZ,₹19.0,/Month
AlaCarte Packages,STAR SPORTS SELECT 1 HD_ALA_PRE_VIZ,₹19.0,/Month
AlaCarte Packages,STAR SPORTS SELECT 1_ALA_PRE_VIZ,₹19.0,/Month
AlaCarte Packages,STAR SUVARNA_ALA_PRE_VIZ,₹19.0,/Month
AlaCarte Packages,STAR SPORTS 1 HD HINDI_ALA_PRE_VIZ,₹19.0,/Month
DPO Packages,SONY MAX_ALA_PRE_VIZ,₹19.0,/Month
DPO Packages,SONY PIX HD_ALA_PRE_VIZ,₹19.0,/Month
DPO Packages,SONY SAB_ALA_PRE_VIZ,₹19.0,/Month
DPO Packages,SONY BBC EARTH HD_ALA_PRE_VIZ,₹19.0,/Month
DPO Packages,SONY ENTERTAINMENT TELEVISION_ALA_PRE_VIZ,₹19.0,/Month
DPO Packages,SONY SPORTS TEN 1 HD_ALA_PRE_VIZ,₹19.0,/Month
DPO Packages,SONY SPORTS TEN 1_ALA_PRE_VIZ,₹19.0,/Month
DPO Packages,SONY SPORTS TEN 2_ALA_PRE_VIZ,₹19.0,/Month
DPO Packages,SONY SPORTS TEN 3_ALA_PRE_VIZ,₹19.0,/Month
DPO Packages,SONY SPORTS TEN 4 TELUGU_PRE_VIZ,₹19.0,/Month
AlaCarte Packages,SONY SPORTS TEN 1 HD_ALA_PRE_VIZ,₹19.0,/Month
AlaCarte Packages,SONY SPORTS TEN 1_ALA_PRE_VIZ,₹19.0,/Month
AlaCarte Packages,SONY BBC EARTH HD_ALA_PRE_VIZ,₹19.0,/Month
AlaCarte Packages,SONY ENTERTAINMENT TELEVISION_ALA_PRE_VIZ,₹19.0,/Month
AlaCarte Packages,SONY MAX_ALA_PRE_VIZ,₹19.0,/Month
AlaCarte Packages,SONY SPORTS TEN 3_ALA_PRE_VIZ,₹19.0,/Month
AlaCarte Packages,SONY SPORTS TEN 4 TELUGU_PRE_VIZ,₹19.0,/Month
AlaCarte Packages,SONY SPORTS TEN 5_ALA_PRE_VIZ,₹19.0,/Month
AlaCarte Packages,SONY PIX HD_ALA_PRE_VIZ,₹19.0,/Month
AlaCarte Packages,SONY SAB_ALA_PRE_VIZ,₹19.0,/Month
DPO Packages,STAR BHARAT HD_ALA_PRE_VIZ,₹19.0,/Month
DPO Packages,STAR GOLD HD_ALA_PRE_VIZ,₹19.0,/Month
AlaCarte Packages,KALAIGNAR TV_ALA_PRE_VIZ,₹19.0,/Month
AlaCarte Packages,KTV_ALA_PRE_VIZ,₹19.0,/Month
AlaCarte Packages,MAA MOVIES HD_ALA_PRE_VIZ,₹19.0,/Month
AlaCarte Packages,GEMINI TV HD_ALA_PRE_VIZ,₹19.0,/Month
AlaCarte Packages,GEMINI TV_ALA_PRE_VIZ,₹19.0,/Month
AlaCarte Packages,STAR SPORTS 2 TAMIL HD_ALA_PRE_VIZ,₹19.0,/Month
DPO Packages,STAR SPORTS 1 HD_ALA_PRE_VIZ,₹19.0,/Month
DPO Packages,STAR SPORTS 1 HINDI_ALA_PRE_VIZ,₹19.0,/Month
DPO Packages,STAR SPORTS 1 KANNADA_ALA_PRE_VIZ,₹19.0,/Month
DPO Packages,STAR GOLD_ALA_PRE_VIZ,₹19.0,/Month
DPO Packages,STAR JALSHA_ALA_PRE_VIZ,₹19.0,/Month
DPO Packages,STAR MOVIES HD_ALA_PRE_VIZ,₹19.0,/Month
DPO Packages,STAR MOVIES SELECT HD_ALA_PRE_VIZ,₹19.0,/Month
DPO Packages,SONY SPORTS TEN 5_ALA_PRE_VIZ,₹19.0,/Month
DPO Packages,STAR SPORTS 3_ALA_PRE_VIZ,₹19.0,/Month
DPO Packages,STAR SPORTS FIRST_ALA_PRE_VIZ,₹19.0,/Month
DPO Packages,STAR SPORTS SELECT 1 HD_ALA_PRE_VIZ,₹19.0,/Month
DPO Packages,STAR MOVIES_ALA_PRE_VIZ,₹19.0,/Month
DPO Packages,STAR PLUS_ALA_PRE_VIZ,₹19.0,/Month
DPO Packages,STAR PRAVAH_ALA_PRE_VIZ,₹19.0,/Month
DPO Packages,STAR SPORTS 1 HD HINDI_ALA_PRE_VIZ,₹19.0,/Month
AlaCarte Packages,MAA MOVIES_ALA_PRE_VIZ,₹19.0,/Month
DPO Packages,STAR SPORTS 1 TAMIL_ALA_PRE_VIZ,₹19.0,/Month
DPO Packages,STAR SPORTS 1 TELUGU_ALA_PRE_VIZ,₹19.0,/Month
DPO Packages,STAR SPORTS 1_ALA_PRE_VIZ,₹19.0,/Month
DPO Packages,STAR SPORTS 2 HD_ALA_PRE_VIZ,₹19.0,/Month
DPO Packages,STAR SPORTS 2_ALA_PRE_VIZ,₹19.0,/Month
AlaCarte Packages,ZEE TV HD_ALA_PRE_VIZ,₹19.0,/Month
AlaCarte Packages,ZEE TV_ALA_PRE_VIZ,₹19.0,/Month
AlaCarte Packages,ZEE MARATHI_ALA_PRE_VIZ,₹19.0,/Month
AlaCarte Packages,ZEE SARTHAK_ALA_PRE_VIZ,₹19.0,/Month
AlaCarte Packages,ZEE TAMIL HD_ALA_PRE_VIZ,₹19.0,/Month
AlaCarte Packages,ZEE TAMIL_ALA_PRE_VIZ,₹19.0,/Month
AlaCarte Packages,ZEE TELUGU HD_ALA_PRE_VIZ,₹19.0,/Month
AlaCarte Packages,COLORS HD_ALA_PRE_VIZ,₹19.0,/Month
DPO Packages,VIJAY SUPER HD_ALA_PRE_VIZ,₹19.0,/Month
DPO Packages,VIJAY_ALA_PRE_VIZ,₹19.0,/Month
DPO Packages,STAR SPORTS SELECT 1_ALA_PRE_VIZ,₹19.0,/Month
DPO Packages,STAR SUVARNA_ALA_PRE_VIZ,₹19.0,/Month
DPO Packages,SUN TV_ALA_PRE_VIZ,₹19.0,/Month
AlaCarte Packages,DISNEY INTERNATIONAL HD_ALA_PRE_VIZ,₹19.0,/Month
AlaCarte Packages,COLORS_ALA_PRE_VIZ,₹19.0,/Month
AlaCarte Packages,STAR SPORTS 2 TELUGU HD_ALA_PRE_VIZ,₹19.0,/Month
AlaCarte Packages,GEMINI MOVIES HD_ALA_PRE_VIZ,₹19.0,/Month
AlaCarte Packages,GEMINI MOVIES_ALA_PRE_VIZ,₹19.0,/Month
AlaCarte Packages,ETV TELUGU HD_ALA_PRE_VIZ,₹19.0,/Month
AlaCarte Packages,ETV TELUGU_ALA_PRE_VIZ,₹19.0,/Month
DPO Packages,ZEE BANGLA_ALA_PRE_VIZ,₹19.0,/Month
DPO Packages,UDAYA TV_ALA_PRE_VIZ,₹19.0,/Month
DPO Packages,ZEE KANNADA_ALA_PRE_VIZ,₹19.0,/Month
DPO Packages,ZEE TV_ALA_PRE_VIZ,₹19.0,/Month
DPO Packages,ZEE MARATHI_ALA_PRE_VIZ,₹19.0,/Month
DPO Packages,ZEE SARTHAK_ALA_PRE_VIZ,₹19.0,/Month
DPO Packages,ZEE TAMIL HD_ALA_PRE_VIZ,₹19.0,/Month
DPO Packages,ZEE CINEMA HD_ALA_PRE_VIZ,₹19.0,/Month
DPO Packages,ZEE CINEMA_ALA_PRE_VIZ,₹19.0,/Month
DPO Packages,ZEE CINEMALU HD_ALA_PRE_VIZ,₹19.0,/Month
DPO Packages,ZEE KANNADA HD_ALA_PRE_VIZ,₹19.0,/Month
AlaCarte Packages,VIJAY SUPER HD_ALA_PRE_VIZ,₹19.0,/Month
DPO Packages,& FLIX HD_ALA_PRE_VIZ,₹19.0,/Month
DPO Packages,& PICTURES HD_ALA_PRE_VIZ,₹19.0,/Month
DPO Packages,& TV HD_ALA_PRE_VIZ,₹19.0,/Month
DPO Packages,ZEE TAMIL_ALA_PRE_VIZ,₹19.0,/Month
DPO Packages,ZEE TELUGU HD_ALA_PRE_VIZ,₹19.0,/Month
DPO Packages,ZEE TV HD_ALA_PRE_VIZ,₹19.0,/Month
AlaCarte Packages,ZEE CINEMA_ALA_PRE_VIZ,₹19.0,/Month
AlaCarte Packages,ZEE CINEMALU HD_ALA_PRE_VIZ,₹19.0,/Month
AlaCarte Packages,ZEE KANNADA HD_ALA_PRE_VIZ,₹19.0,/Month
AlaCarte Packages,ZEE KANNADA_ALA_PRE_VIZ,₹19.0,/Month
AlaCarte Packages,ZEE BANGLA_ALA_PRE_VIZ,₹19.0,/Month
AlaCarte Packages,ZEE CINEMA HD_ALA_PRE_VIZ,₹19.0,/Month
AlaCarte Packages,UDAYA TV_ALA_PRE_VIZ,₹19.0,/Month
DPO Packages,COLORS_ALA_PRE_VIZ,₹19.0,/Month
DPO Packages,COLORS CINEPLEX HD_ALA_PRE_VIZ,₹19.0,/Month
DPO Packages,COLORS HD_ALA_PRE_VIZ,₹19.0,/Month
DPO Packages,ASIANET MOVIES_ALA_PRE_VIZ,₹19.0,/Month
DPO Packages,ASIANET_ALA_PRE_VIZ,₹19.0,/Month
AlaCarte Packages,STAR SPORTS FIRST_ALA_PRE_VIZ,₹19.0,/Month
AlaCarte Packages,GEMINI MUSIC HD_ALA_PRE_VIZ,₹19.0,/Month
DPO Packages,ETV CINEMA HD_ALA_PRE_VIZ,₹19.0,/Month
DPO Packages,DISNEY INTERNATIONAL HD_ALA_PRE_VIZ,₹19.0,/Month
DPO Packages,GEMINI MOVIES_ALA_PRE_VIZ,₹19.0,/Month
DPO Packages,GEMINI MUSIC HD_ALA_PRE_VIZ,₹19.0,/Month
DPO Packages,GEMINI TV HD_ALA_PRE_VIZ,₹19.0,/Month
DPO Packages,WBD FAMILY INDIA SD_PRE_VIZ,₹19.0,/Month
DPO Packages,GEMINI TV_ALA_PRE_VIZ,₹19.0,/Month
AlaCarte Packages,ETV CINEMA HD_ALA_PRE_VIZ,₹19.0,/Month
AlaCarte Packages,ZEE TELUGU_ALA_PRE_VIZ,₹19.0,/Year
DPO Packages,ZEE TELUGU_ALA_PRE_VIZ,₹19.0,/Month
AlaCarte Packages,ETV CINEMA_ALA_PRE_VIZ,₹17.0,/Month
AlaCarte Packages,DISNEY CHANNEL HD_ALA_PRE_VIZ,₹17.0,/Month
DPO Packages,ETV CINEMA_ALA_PRE_VIZ,₹17.0,/Month
DPO Packages,DISNEY CHANNEL HD_ALA_PRE_VIZ,₹17.0,/Month
DPO Packages,ETV PLUS HD_ALA_PRE_VIZ,₹17.0,/Month
AlaCarte Packages,ETV PLUS HD_ALA_PRE_VIZ,₹17.0,/Month
DPO Packages,WBD FAMILY SD_PRE_VIZ,₹17.0,/Month
DPO Packages,DISNEY KIDS PACK_PRE_VIZ,₹17.0,/Month
DPO Packages,MOVIES NOW HD_ALA_PRE_VIZ,₹16.0,/Month
AlaCarte Packages,MOVIES NOW HD_ALA_PRE_VIZ,₹16.0,/Month
DPO Packages,STAR SPORTS SELECT 2 HD_ALA_PRE_VIZ,₹15.0,/Month
DPO Packages,STAR BHARAT_ALA_PRE_VIZ,₹15.0,/Month
DPO Packages,ZEE CINEMALU_ALA_PRE_VIZ,₹15.0,/Month
DPO Packages,& PICTURES_ALA_PRE_VIZ,₹15.0,/Month
DPO Packages,COLORS MARATHI_ALA_PRE_VIZ,₹15.0,/Month
DPO Packages,COLORS CINEPLEX_ALA_PRE_VIZ,₹15.0,/Month
DPO Packages,COLORS BANGLA CINEMA_ALA_PRE_VIZ,₹15.0,/Month
DPO Packages,COLORS LNFINITY HD_ALA_PRE_VIZ,₹15.0,/Month
AlaCarte Packages,STAR SPORTS SELECT 2 HD_ALA_PRE_VIZ,₹15.0,/Month
AlaCarte Packages,COLORS LNFINITY HD_ALA_PRE_VIZ,₹15.0,/Month
AlaCarte Packages,STAR BHARAT_ALA_PRE_VIZ,₹15.0,/Month
AlaCarte Packages,COLORS CINEPLEX_ALA_PRE_VIZ,₹15.0,/Month
AlaCarte Packages,COLORS MARATHI_ALA_PRE_VIZ,₹15.0,/Month
AlaCarte Packages,COLORS BANGLA CINEMA_ALA_PRE_VIZ,₹15.0,/Month
AlaCarte Packages,& PICTURES_ALA_PRE_VIZ,₹15.0,/Month
AlaCarte Packages,ZEE CINEMALU_ALA_PRE_VIZ,₹15.0,/Month
DPO Packages,TIMES BOUQUET-02_SD_PRE_VIZ,₹15.0,/Month
AlaCarte Packages,TARANG_ALA_PRE_VIZ,₹14.0,/Month
DPO Packages,TARANG_ALA_PRE_VIZ,₹14.0,/Month
DPO Packages,NATIONAL GEOGRAPHIC HD_ALA_PRE_VIZ,₹14.0,/Month
AlaCarte Packages,NATIONAL GEOGRAPHIC HD_ALA_PRE_VIZ,₹14.0,/Month
AlaCarte Packages,ETV PLUS_ALA_PRE_VIZ,₹13.0,/Month
DPO Packages,ETV PLUS_ALA_PRE_VIZ,₹13.0,/Month
AlaCarte Packages,DISNEY CHANNEL_ALA_PRE_VIZ,₹12.0,/Month
DPO Packages,DISNEY CHANNEL_ALA_PRE_VIZ,₹12.0,/Month
DPO Packages,KALAIGNAR MURASU_ALA_PRE_VIZ,₹12.0,/Month
AlaCarte Packages,KALAIGNAR MURASU_ALA_PRE_VIZ,₹12.0,/Month
AlaCarte Packages,COLORS LNFINITY_ALA_PRE_VIZ,₹10.0,/Month
AlaCarte Packages,ZEE KERALAM HD_ALA_PRE_VIZ,₹10.0,/Month
DPO Packages,STAR MOVIES SELECT_ALA_PRE_VIZ,₹10.0,/Month
AlaCarte Packages,SUVARNA PLUS_ALA_PRE_VIZ,₹10.0,/Month
DPO Packages,COLORS LNFINITY_ALA_PRE_VIZ,₹10.0,/Month
DPO Packages,DISCOVERY HD_ALA_PRE_VIZ,₹10.0,/Month
AlaCarte Packages,& TV_ALA_PRE_VIZ,₹10.0,/Month
DPO Packages,SUVARNA PLUS_ALA_PRE_VIZ,₹10.0,/Month
AlaCarte Packages,VIJAY SUPER_ALA_PRE_VIZ,₹10.0,/Month
DPO Packages,PRAVAH PICTURE HD_ALA_PRE_VIZ,₹10.0,/Month
DPO Packages,MN PLUS HD_ALA_PRE_VIZ,₹10.0,/Month
DPO Packages,MOVIES NOW_ALA_PRE_VIZ,₹10.0,/Month
AlaCarte Packages,STAR MOVIES SELECT_ALA_PRE_VIZ,₹10.0,/Month
DPO Packages,STAR SPORTS SELECT 2_ALA_PRE_VIZ,₹10.0,/Month
AlaCarte Packages,DISCOVERY HD_ALA_PRE_VIZ,₹10.0,/Month
AlaCarte Packages,ZEE ZEST HD_ALA_PRE_VIZ,₹10.0,/Month
AlaCarte Packages,ZEE KERALAM_ALA_PRE_VIZ,₹10.0,/Month
DPO Packages,NICK HD+_ALA_PRE_VIZ,₹10.0,/Month
DPO Packages,SONY PIX_ALA_PRE_VIZ,₹10.0,/Month
DPO Packages,MNX HD_ALA_PRE_VIZ,₹10.0,/Month
AlaCarte Packages,SONY PIX_ALA_PRE_VIZ,₹10.0,/Month
DPO Packages,ZEE ZEST HD_ALA_PRE_VIZ,₹10.0,/Month
AlaCarte Packages,PRAVAH PICTURE HD_ALA_PRE_VIZ,₹10.0,/Month
AlaCarte Packages,NICK HD+_ALA_PRE_VIZ,₹10.0,/Month
AlaCarte Packages,MN PLUS HD_ALA_PRE_VIZ,₹10.0,/Month
AlaCarte Packages,MNX HD_ALA_PRE_VIZ,₹10.0,/Month
DPO Packages,& TV_ALA_PRE_VIZ,₹10.0,/Month
DPO Packages,VIJAY SUPER_ALA_PRE_VIZ,₹10.0,/Month
AlaCarte Packages,STAR SPORTS SELECT 2_ALA_PRE_VIZ,₹10.0,/Month
AlaCarte Packages,MOVIES NOW_ALA_PRE_VIZ,₹10.0,/Month
DPO Packages,ZEE KERALAM HD_ALA_PRE_VIZ,₹10.0,/Month
DPO Packages,ZEE KERALAM_ALA_PRE_VIZ,₹10.0,/Month
DPO Packages,ZEE TALKIES_ALA_PRE_VIZ,₹9.0,/Month
AlaCarte Packages,ZEE TALKIES_ALA_PRE_VIZ,₹9.0,/Month
AlaCarte Packages,MAA GOLD_ALA_PRE_VIZ,₹9.0,/Month
DPO Packages,MAA GOLD_ALA_PRE_VIZ,₹9.0,/Month
DPO Packages,MTV HD_ALA_PRE_VIZ,₹8.0,/Month
DPO Packages,KALAIGNAR SIRIPPOLI_ALA_PRE_VIZ,₹8.0,/Month
DPO Packages,STAR GOLD 2 HD_ALA_PRE_VIZ,₹8.0,/Month
DPO Packages,NAT GEO WILD HD_ALA_PRE_VIZ,₹8.0,/Month
AlaCarte Packages,KALAIGNAR SIRIPPOLI_ALA_PRE_VIZ,₹8.0,/Month
AlaCarte Packages,STAR GOLD 2 HD_ALA_PRE_VIZ,₹8.0,/Month
AlaCarte Packages,NAT GEO WILD HD_ALA_PRE_VIZ,₹8.0,/Month
AlaCarte Packages,MTV HD_ALA_PRE_VIZ,₹8.0,/Month
DPO Packages,COLORS BANGLA_ALA_PRE_VIZ,₹7.0,/Month
DPO Packages,STAR GOLD SELECT_ALA_PRE_VIZ,₹7.0,/Month
AlaCarte Packages,COLORS BANGLA_ALA_PRE_VIZ,₹7.0,/Month
AlaCarte Packages,EUROSPORT HD_ALA_PRE_VIZ,₹7.0,/Month
AlaCarte Packages,CARTOON NETWORK HD PLUS_ALA_PRE_VIZ,₹7.0,/Month
AlaCarte Packages,HISTORY TV18 HD_ALA_PRE_VIZ,₹7.0,/Month
DPO Packages,ASIANET PLUS_ALA_PRE_VIZ,₹7.0,/Month
AlaCarte Packages,NICK_ALA_PRE_VIZ,₹7.0,/Month
DPO Packages,NICK_ALA_PRE_VIZ,₹7.0,/Month
DPO Packages,CARTOON NETWORK HD PLUS_ALA_PRE_VIZ,₹7.0,/Month
DPO Packages,GEMINI LIFE_ALA_PRE_VIZ,₹7.0,/Month
DPO Packages,EUROSPORT HD_ALA_PRE_VIZ,₹7.0,/Month
DPO Packages,HISTORY TV18 HD_ALA_PRE_VIZ,₹7.0,/Month
AlaCarte Packages,GEMINI LIFE_ALA_PRE_VIZ,₹7.0,/Month
AlaCarte Packages,STAR GOLD SELECT_ALA_PRE_VIZ,₹7.0,/Month
AlaCarte Packages,ASIANET PLUS_ALA_PRE_VIZ,₹7.0,/Month
DPO Packages,ETV BALBHARAT HD_ALA_PRE_VIZ,₹6.0,/Month
AlaCarte Packages,COLORS GUJARATI_ALA_PRE_VIZ,₹6.0,/Month
AlaCarte Packages,SONY AATH_ALA_PRE_VIZ,₹6.0,/Month
DPO Packages,COLORS GUJARATI_ALA_PRE_VIZ,₹6.0,/Month
AlaCarte Packages,ETV BALBHARAT HD_ALA_PRE_VIZ,₹6.0,/Month
AlaCarte Packages,SONY MARATHI_ALA_PRE_VIZ,₹6.0,/Month
DPO Packages,SONY MARATHI_ALA_PRE_VIZ,₹6.0,/Month
DPO Packages,SONY AATH_ALA_PRE_VIZ,₹6.0,/Month
DPO Packages,& FLIX_ALA_PRE_VIZ,₹5.0,/Month
DPO Packages,ZEE CAFE HD_ALA_PRE_VIZ,₹5.0,/Month
DPO Packages,MNX_ALA_PRE_VIZ,₹5.0,/Month
AlaCarte Packages,ZEE CAFE HD_ALA_PRE_VIZ,₹5.0,/Month
AlaCarte Packages,ANIMAL PLANET HD_ALA_PRE_VIZ,₹5.0,/Month
AlaCarte Packages,STAR GOLD 2_ALA_PRE_VIZ,₹5.0,/Month
DPO Packages,TIMES BOUQUET-01_SD_PRE_VIZ,₹5.0,/Month
DPO Packages,EUROSPORT_ALA_PRE_VIZ,₹5.0,/Month
AlaCarte Packages,& FLIX_ALA_PRE_VIZ,₹5.0,/Month
AlaCarte Packages,CARTOON NETWORK_ALA_PRE_VIZ,₹5.0,/Month
DPO Packages,STAR GOLD 2_ALA_PRE_VIZ,₹5.0,/Month
AlaCarte Packages,EUROSPORT_ALA_PRE_VIZ,₹5.0,/Month
DPO Packages,MTV_ALA_PRE_VIZ,₹5.0,/Month
AlaCarte Packages,MNX_ALA_PRE_VIZ,₹5.0,/Month
AlaCarte Packages,MAA MUSIC_ALA_PRE_VIZ,₹5.0,/Month
DPO Packages,ROMEDY NOW_ALA_PRE_VIZ,₹5.0,/Month
DPO Packages,POGO_ALA_PRE_VIZ,₹5.0,/Month
AlaCarte Packages,ROMEDY NOW_ALA_PRE_VIZ,₹5.0,/Month
AlaCarte Packages,POGO_ALA_PRE_VIZ,₹5.0,/Month
AlaCarte Packages,MTV_ALA_PRE_VIZ,₹5.0,/Month
AlaCarte Packages,GEMINI COMEDY_ALA_PRE_VIZ,₹5.0,/Month
DPO Packages,ANIMAL PLANET HD_ALA_PRE_VIZ,₹5.0,/Month
DPO Packages,CARTOON NETWORK_ALA_PRE_VIZ,₹5.0,/Month
DPO Packages,GEMINI COMEDY_ALA_PRE_VIZ,₹5.0,/Month
DPO Packages,MAA MUSIC_ALA_PRE_VIZ,₹5.0,/Month
DPO Packages,NDTV ULTRA_PRE_VIZ,₹4.5,/Month
DPO Packages,DISNEY JUNIOR_ALA_PRE_VIZ,₹4.0,/Month
DPO Packages,CNBCTV18_ALA_PRE_VIZ,₹4.0,/Month
DPO Packages,DISCOVERY KIDS_ALA_PRE_VIZ,₹4.0,/Month
AlaCarte Packages,SUPER HUNGAMA_ALA_PRE_VIZ,₹4.0,/Month
AlaCarte Packages,SONY YAY_ALA_PRE_VIZ,₹4.0,/Month
DPO Packages,ALANKAR_ALA_PRE_VIZ,₹4.0,/Month
AlaCarte Packages,DISCOVERY KIDS_ALA_PRE_VIZ,₹4.0,/Month
AlaCarte Packages,ALANKAR_ALA_PRE_VIZ,₹4.0,/Month
AlaCarte Packages,GEMINI MUSIC_ALA_PRE_VIZ,₹4.0,/Month
AlaCarte Packages,DISCOVERY CHANNEL_ALA_PRE_VIZ,₹4.0,/Month
AlaCarte Packages,DISNEY JUNIOR_ALA_PRE_VIZ,₹4.0,/Month
AlaCarte Packages,CNBCTV18_ALA_PRE_VIZ,₹4.0,/Month
DPO Packages,KALAIGNAR ISAIARUVI_ALA_PRE_VIZ,₹4.0,/Month
DPO Packages,DISCOVERY CHANNEL_ALA_PRE_VIZ,₹4.0,/Month
DPO Packages,SUPER HUNGAMA_ALA_PRE_VIZ,₹4.0,/Month
AlaCarte Packages,KALAIGNAR ISAIARUVI_ALA_PRE_VIZ,₹4.0,/Month
AlaCarte Packages,KUSHI TV_ALA_PRE_VIZ,₹4.0,/Month
DPO Packages,SONY YAY_ALA_PRE_VIZ,₹4.0,/Month
DPO Packages,KUSHI TV_ALA_PRE_VIZ,₹4.0,/Month
DPO Packages,GEMINI MUSIC_ALA_PRE_VIZ,₹4.0,/Month
DPO Packages,NDTV 24X7_ALA_PRE_VIZ,₹3.5,/Month
AlaCarte Packages,DISCOVERY TAMIL_ALA_PRE_VIZ,₹3.5,/Month
AlaCarte Packages,NDTV 24X7_ALA_PRE_VIZ,₹3.5,/Month
DPO Packages,DISCOVERY TAMIL_ALA_PRE_VIZ,₹3.5,/Month
AlaCarte Packages,ETV ABHIRUCHI_ALA_PRE_VIZ,₹3.0,/Month
AlaCarte Packages,& PRIVE HD_ALA_PRE_VIZ,₹3.0,/Month
DPO Packages,NATIONAL GEOGRAPHIC_ALA_PRE_VIZ,₹3.0,/Month
AlaCarte Packages,TLC HD_ALA_PRE_VIZ,₹3.0,/Month
AlaCarte Packages,TIMES NOW_ALA_PRE_VIZ,₹3.0,/Month
AlaCarte Packages,TIMES NOW WORLD HD_ALA_PRE_VIZ,₹3.0,/Month
AlaCarte Packages,THE HISTORY CHANNEL_ALA_PRE_VIZ,₹3.0,/Month
AlaCarte Packages,ZEE CAFE_ALA_PRE_VIZ,₹3.0,/Month
AlaCarte Packages,SONY BBC EARTH_ALA_PRE_VIZ,₹3.0,/Month
AlaCarte Packages,STAR GOLD ROMANCE_ALA_PRE_VIZ,₹3.0,/Month
DPO Packages,ETV ABHIRUCHI_ALA_PRE_VIZ,₹3.0,/Month
DPO Packages,SONY BBC EARTH_ALA_PRE_VIZ,₹3.0,/Month
AlaCarte Packages,NATIONAL GEOGRAPHIC_ALA_PRE_VIZ,₹3.0,/Month
AlaCarte Packages,ZEE BOLLYWOOD_ALA_PRE_VIZ,₹3.0,/Month
DPO Packages,THE HISTORY CHANNEL_ALA_PRE_VIZ,₹3.0,/Month
DPO Packages,TIMES NOW_ALA_PRE_VIZ,₹3.0,/Month
DPO Packages,& PRIVE HD_ALA_PRE_VIZ,₹3.0,/Month
DPO Packages,ZEE BOLLYWOOD_ALA_PRE_VIZ,₹3.0,/Month
DPO Packages,TLC HD_ALA_PRE_VIZ,₹3.0,/Month
DPO Packages,STAR GOLD ROMANCE_ALA_PRE_VIZ,₹3.0,/Month
DPO Packages,TIMES NOW WORLD HD_ALA_PRE_VIZ,₹3.0,/Month
DPO Packages,ZEE CAFE_ALA_PRE_VIZ,₹3.0,/Month
DPO Packages,TVT_NEWS BOUQUET_HD_PRE_VIZ,₹2.9,/Month
DPO Packages,ETV TELANGANA_ALA_PRE_VIZ,₹2.0,/Month
AlaCarte Packages,TARANG MUSIC_ALA_PRE_VIZ,₹2.0,/Month
DPO Packages,HUNGAMA TV_ALA_PRE_VIZ,₹2.0,/Month
DPO Packages,ANIMAL PLANET_ALA_PRE_VIZ,₹2.0,/Month
AlaCarte Packages,SONIC_ALA_PRE_VIZ,₹2.0,/Month
AlaCarte Packages,TLC_ALA_PRE_VIZ,₹2.0,/Month
AlaCarte Packages,SONY MAX 2_ALA_PRE_VIZ,₹2.0,/Month
DPO Packages,ETV LIFE_ALA_PRE_VIZ,₹2.0,/Month
DPO Packages,CNN INTERNATIONAL_ALA_PRE_VIZ,₹2.0,/Month
AlaCarte Packages,PRARTHANA_ALA_PRE_VIZ,₹2.0,/Month
DPO Packages,INVESTIGATION DISCOVERY HD_ALA_PRE_VIZ,₹2.0,/Month
DPO Packages,ETV ANDHRA PRADESH_ALA_PRE_VIZ,₹2.0,/Month
DPO Packages,ET NOW_ALA_PRE_VIZ,₹2.0,/Month
AlaCarte Packages,INVESTIGATION DISCOVERY HD_ALA_PRE_VIZ,₹2.0,/Month
DPO Packages,PRARTHANA_ALA_PRE_VIZ,₹2.0,/Month
AlaCarte Packages,STAR GOLD THRILLS_ALA_PRE_VIZ,₹2.0,/Month
AlaCarte Packages,NAT GEO WILD_ALA_PRE_VIZ,₹2.0,/Month
AlaCarte Packages,HUNGAMA TV_ALA_PRE_VIZ,₹2.0,/Month
AlaCarte Packages,ETV TELANGANA_ALA_PRE_VIZ,₹2.0,/Month
AlaCarte Packages,ETV ANDHRA PRADESH_ALA_PRE_VIZ,₹2.0,/Month
AlaCarte Packages,ETV LIFE_ALA_PRE_VIZ,₹2.0,/Month
AlaCarte Packages,ET NOW_ALA_PRE_VIZ,₹2.0,/Month
AlaCarte Packages,ANIMAL PLANET_ALA_PRE_VIZ,₹2.0,/Month
DPO Packages,SONIC_ALA_PRE_VIZ,₹2.0,/Month
DPO Packages,NAT GEO WILD_ALA_PRE_VIZ,₹2.0,/Month
AlaCarte Packages,CNN INTERNATIONAL_ALA_PRE_VIZ,₹2.0,/Month
DPO Packages,SONY MAX 2_ALA_PRE_VIZ,₹2.0,/Month
DPO Packages,TLC_ALA_PRE_VIZ,₹2.0,/Month
DPO Packages,TARANG MUSIC_ALA_PRE_VIZ,₹2.0,/Month
DPO Packages,STAR GOLD THRILLS_ALA_PRE_VIZ,₹2.0,/Month
DPO Packages,INDIA TODAY_ALA_PRE_VIZ,₹1.8,/Month
AlaCarte Packages,INDIA TODAY_ALA_PRE_VIZ,₹1.8,/Month
AlaCarte Packages,TIMES NOW NAVBHARAT HD_ALA_PRE_VIZ,₹1.6,/Month
DPO Packages,TIMES NOW NAVBHARAT HD_ALA_PRE_VIZ,₹1.6,/Month
DPO Packages,BBC WORLD_ALA_PRE_VIZ,₹1.5,/Month
AlaCarte Packages,NDTV PROFIT_ALA_PRE_VIZ,₹1.5,/Month
AlaCarte Packages,BBC WORLD_ALA_PRE_VIZ,₹1.5,/Month
DPO Packages,NDTV GOOD TIMES_ALA_PRE_VIZ,₹1.5,/Month
AlaCarte Packages,NDTV GOOD TIMES_ALA_PRE_VIZ,₹1.5,/Month
DPO Packages,NDTV PROFIT_ALA_PRE_VIZ,₹1.5,/Month
DPO Packages,DISCOVERY TURBO_ALA_PRE_VIZ,₹1.0,/Month
AlaCarte Packages,NICK JR_ALA_PRE_VIZ,₹1.0,/Month
DPO Packages,DISCOVERY SCIENCE_ALA_PRE_VIZ,₹1.0,/Month
AlaCarte Packages,WION_ALA_PRE_VIZ,₹1.0,/Month
DPO Packages,KALAIGNAR SEITHIGAL_ALA_PRE_VIZ,₹1.0,/Month
AlaCarte Packages,ET NOW SWADESH_ALA_PRE_VIZ,₹1.0,/Month
AlaCarte Packages,DISCOVERY TURBO_ALA_PRE_VIZ,₹1.0,/Month
AlaCarte Packages,DISCOVERY SCIENCE_ALA_PRE_VIZ,₹1.0,/Month
DPO Packages,ZEE ZEST_ALA_PRE_VIZ,₹1.0,/Month
AlaCarte Packages,CNBC TV18 PRIME HD_ALA_PRE_VIZ,₹1.0,/Month
AlaCarte Packages,ZEE ZEST_ALA_PRE_VIZ,₹1.0,/Month
DPO Packages,NICK JR_ALA_PRE_VIZ,₹1.0,/Month
AlaCarte Packages,INVESTIGATION DISCOVERY_ALA_PRE_VIZ,₹1.0,/Month
DPO Packages,ET NOW SWADESH_ALA_PRE_VIZ,₹1.0,/Month
AlaCarte Packages,KALAIGNAR SEITHIGAL_ALA_PRE_VIZ,₹1.0,/Month
DPO Packages,CNBC TV18 PRIME HD_ALA_PRE_VIZ,₹1.0,/Month
DPO Packages,WION_ALA_PRE_VIZ,₹1.0,/Month
DPO Packages,INVESTIGATION DISCOVERY_ALA_PRE_VIZ,₹1.0,/Month
AlaCarte Packages,ZOOM_ALA_PRE_VIZ,₹0.5,/Month
DPO Packages,ZEE GANGA_ALA_PRE_VIZ,₹0.5,/Month
DPO Packages,CNN NEWS18_ALA_PRE_VIZ,₹0.5,/Month
AlaCarte Packages,CNN NEWS18_ALA_PRE_VIZ,₹0.5,/Month
DPO Packages,ZOOM_ALA_PRE_VIZ,₹0.5,/Month
AlaCarte Packages,ZEE GANGA_ALA_PRE_VIZ,₹0.5,/Month
AlaCarte Packages,NEWS18 BIHAR JHARKHAND_ALA_PRE_VIZ,₹0.1,/Month
AlaCarte Packages,MIRROR NOW_ALA_PRE_VIZ,₹0.1,/Month
DPO Packages,ZEE SALAAM_ALA_PRE_VIZ,₹0.1,/Month
AlaCarte Packages,NEWS18 JAMMU KASHMIR LADAKH HIMACHAL_ALA_PRE_VIZ,₹0.1,/Month
DPO Packages,ZEE NEWS_ALA_PRE_VIZ,₹0.1,/Month
DPO Packages,ZEE BUSINESS_ALA_PRE_VIZ,₹0.1,/Month
DPO Packages,ZEE ACTION_ALA_PRE_VIZ,₹0.1,/Month
AlaCarte Packages,ZING_ALA_PRE_VIZ,₹0.1,/Month
AlaCarte Packages,ZEE SALAAM_ALA_PRE_VIZ,₹0.1,/Month
AlaCarte Packages,ZEE NEWS_ALA_PRE_VIZ,₹0.1,/Month
AlaCarte Packages,NEWS18 PUNJAB HARVANA_ALA_PRE_VIZ,₹0.1,/Month
AlaCarte Packages,NEWS18 MADHYA PRADESH CHHATTISGARH_ALA_PRE_VIZ,₹0.1,/Month
AlaCarte Packages,NEWS18 KERALA_ALA_PRE_VIZ,₹0.1,/Month
AlaCarte Packages,ZEE ACTION_ALA_PRE_VIZ,₹0.1,/Month
AlaCarte Packages,ZEE ANMOL_ALA_PRE_VIZ,₹0.1,/Month
AlaCarte Packages,NEWS18 ASSAM NORTH EAST_ALA_PRE_VIZ,₹0.1,/Month
DPO Packages,ZING_ALA_PRE_VIZ,₹0.1,/Month
DPO Packages,NEWS18 RAJASTHAN_ALA_PRE_VIZ,₹0.1,/Month
DPO Packages,NEWS18 MADHYA PRADESH CHHATTISGARH_ALA_PRE_VIZ,₹0.1,/Month
AlaCarte Packages,CNBC AWAZ_ALA_PRE_VIZ,₹0.1,/Month
DPO Packages,NEWS18 ASSAM NORTH EAST_ALA_PRE_VIZ,₹0.1,/Month
DPO Packages,NEWS18 BIHAR JHARKHAND_ALA_PRE_VIZ,₹0.1,/Month
DPO Packages,CNBC AWAZ_ALA_PRE_VIZ,₹0.1,/Month
DPO Packages,ZEE ANMOL_ALA_PRE_VIZ,₹0.1,/Month
DPO Packages,NEWS18 UTTAR PRADESH UTTARAKHAND_ALA_PRE_VIZ,₹0.1,/Month
DPO Packages,MIRROR NOW_ALA_PRE_VIZ,₹0.1,/Month
AlaCarte Packages,NEWS18 RAJASTHAN_ALA_PRE_VIZ,₹0.1,/Month
AlaCarte Packages,NEWS18 UTTAR PRADESH UTTARAKHAND_ALA_PRE_VIZ,₹0.1,/Month
AlaCarte Packages,ZEE BUSINESS_ALA_PRE_VIZ,₹0.1,/Month
DPO Packages,NEWS18 JAMMU KASHMIR LADAKH HIMACHAL_ALA_PRE_VIZ,₹0.1,/Month
DPO Packages,NEWS18 KERALA_ALA_PRE_VIZ,₹0.1,/Month
DPO Packages,NEWS18 PUNJAB HARVANA_ALA_PRE_VIZ,₹0.1,/Month
AlaCarte Packages,NTV TELUGU_FTA_PRE_VIZ,₹0.0,/Month
AlaCarte Packages,SAKSHI TV_FTA_PRE_VIZ,₹0.0,/Month
AlaCarte Packages,TV9 TELUGU_FTA_PRE_VIZ,₹0.0,/Month
AlaCarte Packages,10TV TELUGU_PRE_VIZ,₹0.0,/Month
DPO Packages,STAR UTSAV_ALA_PRE_VIZ,₹0.0,/Month
DPO Packages,TIMES NOW NAVBHARAT_ALA_PRE_VIZ,₹0.0,/Month
DPO Packages,ACT_BST_PRE_VIZ,₹0.0,/Year
DPO Packages,AAJ TAK_ALA_PRE_VIZ,₹0.0,/Month
DPO Packages,ZEE ANMOL CINEMA_ALA_PRE_VIZ,₹0.0,/Month
DPO Packages,SONY PAL_ALA_PRE_VIZ,₹0.0,/Month
AlaCarte Packages,ZEE ANMOL CINEMA_ALA_PRE_VIZ,₹0.0,/Month
DPO Packages,BIG MAGIC_ALA_PRE_VIZ,₹0.0,/Month
AlaCarte Packages,SONY PAL_ALA_PRE_VIZ,₹0.0,/Month
DPO Packages,STAR UTSAV MOVIES_ALA_PRE_VIZ,₹0.0,/Month
AlaCarte Packages,SONY WAH_ALA_PRE_VIZ,₹0.0,/Month
DPO Packages,COLORS CINEPLEX BOLLYWOOD_ALA_PRE_VIZ,₹0.0,/Month
DPO Packages,COLORS CINEPLEX SUPERHITS_ALA_PRE_VIZ,₹0.0,/Month
DPO Packages,COLORS RISHTEY_ALA_PRE_VIZ,₹0.0,/Month
AlaCarte Packages,TIMES NOW NAVBHARAT_ALA_PRE_VIZ,₹0.0,/Month
DPO Packages,DD_PACK_PRE_VIZ,₹0.0,/Month
DPO Packages,99 TV_TELUGU_PRE_VIZ,₹0.0,/Month
AlaCarte Packages,99 TV_TELUGU_PRE_VIZ,₹0.0,/Month
DPO Packages,GOOD NEWS TODAY_ALA_PRE_VIZ,₹0.0,/Month
DPO Packages,SONY WAH_ALA_PRE_VIZ,₹0.0,/Month
DPO Packages,NDTV INDIA_ALA_PRE_VIZ,₹0.0,/Month
DPO Packages,NEWS18 INDIA_ALA_PRE_VIZ,₹0.0,/Month
AlaCarte Packages,AAJ TAK_ALA_PRE_VIZ,₹0.0,/Month
AlaCarte Packages,BIG MAGIC_ALA_PRE_VIZ,₹0.0,/Month
AlaCarte Packages,COLORS CINEPLEX BOLLYWOOD_ALA_PRE_VIZ,₹0.0,/Month
AlaCarte Packages,COLORS CINEPLEX SUPERHITS_ALA_PRE_VIZ,₹0.0,/Month
AlaCarte Packages,COLORS RISHTEY_ALA_PRE_VIZ,₹0.0,/Month
AlaCarte Packages,NEWS18 INDIA_ALA_PRE_VIZ,₹0.0,/Month
AlaCarte Packages,NDTV INDIA_ALA_PRE_VIZ,₹0.0,/Month
AlaCarte Packages,GOOD NEWS TODAY_ALA_PRE_VIZ,₹0.0,/Month
AlaCarte Packages,STAR UTSAV_ALA_PRE_VIZ,₹0.0,/Month
DPO Packages,TV9 TELUGU_FTA_PRE_VIZ,₹0.0,/Month
DPO Packages,10TV TELUGU_PRE_VIZ,₹0.0,/Month
AlaCarte Packages,STAR UTSAV MOVIES_ALA_PRE_VIZ,₹0.0,/Month
DPO Packages,NTV TELUGU_FTA_PRE_VIZ,₹0.0,/Month
DPO Packages,SAKSHI TV_FTA_PRE_VIZ,₹0.0,/Month
